Name;Owner Type;Created at;Last Updated at;Size;Stars;Watchers;Language;Has Wiki;Forks;Open Issues;Num. Cmts. Dom;Num. Cmts. Seg;Num. Cmts. Ter;Num. Cmts. Qua;Num. Cmts. Qui;Num. Cmts. Sex;Num. Cmts. Sab;Total Commits
bootstrap;Organization;2011-07-29 21:19:00;2015-04-28 13:23:37;191984;80559;80559;CSS;False;31712;96;1325;1289;1196;1139;1259;1037;1082;8327
free-programming-books;User;2013-10-11 06:50:37;2015-04-28 12:45:16;11627;38681;38681;;True;8551;30;203;286;242;261;281;347;278;1898
angular.js;Organization;2010-01-06 00:34:37;2015-04-28 11:42:28;235793;37983;37983;JavaScript;True;15878;1216;435;1067;1224;1173;1191;1135;442;6667
d3;User;2010-09-27 17:22:42;2015-04-28 13:35:47;73740;37156;37156;JavaScript;True;9441;249;303;340;457;568;421;345;350;2784
node;Organization;2009-05-27 16:29:46;2015-04-28 13:04:09;344823;35933;35933;JavaScript;True;8006;1233;714;1746;1880;1721;1752;1578;841;10232
jquery;Organization;2009-04-03 15:20:14;2015-04-28 11:01:37;39744;34248;34248;JavaScript;True;8302;117;594;1015;987;874;869;703;500;5542
Font-Awesome;Organization;2012-02-17 14:19:43;2015-04-28 13:20:05;24400;32532;32532;HTML;True;5053;2608;51;63;155;125;114;80;65;653
html5-boilerplate;Organization;2010-01-24 18:03:24;2015-04-28 12:55:22;66504;29631;29631;JavaScript;True;7625;12;189;165;202;182;196;158;183;1275
rails;Organization;2008-04-11 02:19:47;2015-04-28 12:34:52;413911;25868;25868;Ruby;False;10250;761;2139;2937;3224;3147;3071;3196;2286;20000
meteor;Organization;2012-01-19 01:58:17;2015-04-28 11:34:47;174335;24517;24517;JavaScript;True;2765;545;422;2592;2611;2548;2490;1993;427;13083
gitignore;Organization;2010-11-08 20:17:14;2015-04-28 10:28:54;10563;24093;24093;;False;8837;70;80;135;210;176;140;133;104;978
impress.js;User;2011-12-28 22:23:19;2015-04-28 08:38:02;2755;23997;23997;JavaScript;True;5245;188;14;26;25;46;33;11;33;188
oh-my-zsh;User;2009-08-28 18:15:37;2015-04-28 11:31:26;26542;23484;23484;Shell;True;7355;590;229;302;358;305;261;290;216;1961
homebrew;Organization;2009-05-20 19:38:37;2015-04-28 13:20:08;1483011;22666;22666;Ruby;True;11401;392;2639;3152;3043;2706;3212;2659;2589;20000
linux;User;2011-09-04 22:48:12;2015-04-28 12:47:52;1663972;22056;22056;C;False;8698;73;1304;3260;3740;3544;3516;3576;1060;20000
brackets;Organization;2011-12-07 21:14:40;2015-04-28 12:56:26;328547;21935;21935;JavaScript;True;4540;1267;489;1637;1940;2099;1986;1971;600;10722
nw.js;Organization;2012-01-04 06:21:10;2015-04-28 13:11:08;72715;21805;21805;C++;True;2385;1201;129;297;255;263;262;261;101;1568
animate.css;User;2011-10-12 10:07:38;2015-04-28 13:12:49;1983;21599;21599;CSS;True;4731;15;8;20;14;30;65;43;11;191
backbone;User;2010-09-30 19:41:28;2015-04-28 12:57:13;47139;21572;21572;JavaScript;True;4812;35;104;380;357;428;388;304;123;2084
docker;Organization;2013-01-18 18:10:57;2015-04-28 12:11:42;191056;21207;21207;Go;False;4921;959;459;1663;1746;1744;1677;1617;530;9436
react;Organization;2013-05-24 16:15:54;2015-04-28 13:03:53;93049;21158;21158;JavaScript;True;2932;526;244;547;574;537;475;444;179;3000
reveal.js;User;2011-06-07 18:54:22;2015-04-28 13:30:19;80913;20922;20922;JavaScript;True;6338;130;209;182;176;159;160;155;206;1247
moment;Organization;2011-03-01 02:46:06;2015-04-28 11:43:18;18397;20628;20628;JavaScript;False;2276;206;161;305;271;319;330;258;134;1778
foundation;Organization;2011-10-13 23:05:42;2015-04-28 13:01:32;136935;19958;19958;CSS;False;4274;48;248;984;1132;1138;1221;939;335;5997
jQuery-File-Upload;User;2010-12-01 15:35:32;2015-04-28 11:38:43;8970;19778;19778;JavaScript;True;5144;52;53;122;113;158;166;133;74;819
jekyll;Organization;2008-10-20 06:29:03;2015-04-28 11:51:32;35993;19520;19520;Ruby;True;4034;85;731;689;684;697;530;610;615;4556
three.js;User;2010-03-23 18:58:01;2015-04-28 12:05:58;374074;19277;19277;JavaScript;True;5677;814;877;1415;1462;1421;1224;1158;918;8475
express;Organization;2009-06-26 18:56:01;2015-04-28 11:39:33;21842;18573;18573;JavaScript;True;3736;66;327;698;854;884;957;683;240;4643
javascript;Organization;2012-11-01 23:13:50;2015-04-28 13:23:45;3592;17668;17668;JavaScript;True;3296;39;23;62;32;33;57;38;11;256
chosen;Organization;2011-04-18 15:07:41;2015-04-28 08:32:03;11529;17465;17465;HTML;False;3344;307;28;102;156;178;144;172;16;796
AFNetworking;Organization;2011-05-31 21:28:44;2015-04-28 11:22:36;15465;17053;17053;Objective-C;True;4969;39;126;260;317;297;275;294;117;1686
socket.io;Organization;2010-03-11 18:24:48;2015-04-28 12:05:45;18093;16812;16812;JavaScript;False;3155;194;158;218;257;109;126;119;156;1143
Semantic-UI;Organization;2013-04-08 23:32:04;2015-04-28 13:03:51;155824;16737;16737;JavaScript;True;1809;186;184;680;707;628;604;602;223;3628
resume.github.com;Organization;2011-02-06 13:39:55;2015-04-28 12:10:15;781;16252;16252;JavaScript;True;463;44;35;25;36;13;13;6;13;141
normalize.css;User;2011-05-04 10:20:25;2015-04-28 12:10:50;1963;16223;16223;HTML;False;3385;25;26;33;59;28;33;33;21;233
laravel;Organization;2011-06-08 03:06:08;2015-04-28 13:05:20;29074;16049;16049;PHP;False;5145;27;306;614;572;658;591;514;298;3553
github-cheat-sheet;User;2014-04-12 16:38:42;2015-04-28 11:59:34;1842;15993;15993;;False;1660;3;72;63;20;54;24;16;41;290
ionic;Organization;2013-08-20 23:06:02;2015-04-28 12:59:42;59518;15882;15882;JavaScript;False;2371;284;186;736;602;684;602;551;216;3577
material-design-icons;Organization;2014-10-08 18:01:28;2015-04-28 13:19:41;38561;15464;15464;HTML;True;2022;48;0;0;0;14;4;8;1;27
gitlabhq;Organization;2011-10-02 16:25:27;2015-04-28 13:09:51;165381;15413;15413;Ruby;True;4104;787;786;1890;2092;2035;1872;1661;912;11248
Front-end-Developer-Interview-Questions;Organization;2012-02-09 23:34:10;2015-04-28 10:14:03;3025;15385;15385;;False;2426;14;38;48;60;42;65;56;43;352
Modernizr;Organization;2009-09-25 20:13:23;2015-04-28 11:52:27;26940;15021;15021;JavaScript;True;2002;101;243;182;246;234;237;168;145;1455
Ghost;Organization;2013-05-04 11:09:13;2015-04-28 12:33:12;64555;14938;14938;JavaScript;True;3519;209;350;471;496;449;418;346;265;2795
httpie;User;2012-02-25 12:39:13;2015-04-28 13:27:44;5469;14687;14687;Python;False;841;75;83;82;87;77;59;91;119;598
atom;Organization;2012-01-20 18:18:21;2015-04-28 13:36:00;357158;14588;14588;CoffeeScript;False;2534;1049;382;3635;4397;4307;3838;2900;541;20000
You-Dont-Know-JS;User;2013-11-16 02:37:24;2015-04-28 13:35:34;8224;14551;14551;JavaScript;True;1246;35;181;160;131;105;117;103;147;944
frontend-dev-bookmarks;User;2013-06-22 13:23:55;2015-04-28 13:28:33;2919;14537;14537;;False;2468;68;22;59;25;25;19;25;17;192
underscore;User;2009-10-25 18:31:06;2015-04-28 09:31:14;15161;14366;14366;JavaScript;True;3254;58;123;248;252;279;219;183;124;1428
Chart.js;User;2013-03-17 23:56:36;2015-04-28 11:20:58;6840;14259;14259;JavaScript;False;4298;310;30;35;37;20;22;6;7;157
discourse;Organization;2013-01-12 00:25:55;2015-04-28 10:55:40;196785;14249;14249;Ruby;True;3804;14;507;2009;2150;2128;2158;1980;559;11491
django;Organization;2012-04-28 02:47:18;2015-04-28 13:31:23;285876;13967;13967;Python;False;5550;71;2596;2942;2939;2503;2717;3050;3172;19919
phantomjs;User;2010-12-27 08:18:58;2015-04-28 13:11:27;161097;13768;13768;C++;True;2588;1538;231;180;243;255;188;235;168;1500
select2;Organization;2012-03-04 18:43:12;2015-04-28 10:16:30;17613;13743;13743;JavaScript;True;2714;317;90;199;249;267;243;197;139;1384
flask;User;2010-04-06 11:11:59;2015-04-28 12:49:08;15909;13703;13703;Python;True;3935;142;318;303;234;244;230;243;213;1785
requests;User;2011-02-13 18:38:17;2015-04-28 13:26:23;13793;13555;13555;Python;True;2230;66;434;450;400;442;408;329;470;2933
ember.js;Organization;2011-05-25 23:39:40;2015-04-28 12:12:58;80507;13540;13540;JavaScript;False;2891;399;778;915;966;895;861;869;777;6061
gulp;Organization;2013-07-04 05:26:06;2015-04-28 11:46:47;4390;13299;13299;JavaScript;False;1194;42;59;94;83;78;122;90;62;588
react-native;Organization;2015-01-09 18:10:16;2015-04-28 13:33:21;27668;13267;13267;JavaScript;True;1396;360;56;131;214;178;219;152;46;996
neovim;Organization;2014-01-31 13:39:22;2015-04-28 13:31:15;72586;13132;13132;VimL;True;888;449;298;411;413;416;378;419;412;2747
papers-we-love;Organization;2013-12-15 14:31:41;2015-04-28 11:16:30;319075;13099;13099;;True;1281;15;23;51;69;39;44;43;25;294
redis;User;2009-03-21 22:32:25;2015-04-28 11:55:10;159600;13052;13052;C;True;4261;724;250;761;870;870;819;833;299;4702
skrollr;User;2012-03-18 15:41:35;2015-04-28 11:10:38;3513;12939;12939;HTML;True;2644;149;84;81;65;73;69;97;77;546
async;User;2010-06-01 21:01:30;2015-04-28 12:12:29;4079;12756;12756;JavaScript;True;1246;146;50;61;56;52;61;42;35;357
devise;Organization;2009-09-16 12:15:12;2015-04-28 09:31:12;11755;12735;12735;Ruby;True;2680;22;278;389;402;373;387;378;254;2461
todomvc;Organization;2011-06-03 19:56:33;2015-04-28 12:59:15;92340;12360;12360;JavaScript;True;6588;93;241;248;265;249;268;218;297;1786
less.js;Organization;2010-02-20 17:25:38;2015-04-28 10:43:36;32405;12163;12163;JavaScript;True;2774;194;334;244;302;266;338;323;259;2066
bower;Organization;2012-09-07 00:15:39;2015-04-28 13:13:39;11009;12158;12158;JavaScript;True;1491;193;227;233;273;196;169;208;214;1520
io.js;Organization;2014-11-26 19:57:11;2015-04-28 12:59:20;173658;11861;11861;JavaScript;True;844;255;751;1841;2033;1848;1908;1721;937;11039
awesome-awesomeness;User;2014-07-08 05:44:19;2015-04-28 13:08:38;1543;11708;11708;;False;1170;23;33;11;23;25;12;9;9;122
hhvm;Organization;2010-01-02 01:17:06;2015-04-28 11:59:44;402775;11683;11683;C++;True;2075;689;760;2624;2806;2837;2626;2403;815;14871
awesome-courses;User;2014-11-15 18:36:49;2015-04-28 13:15:15;2565;11620;11620;;True;1352;4;36;41;19;12;28;17;22;175
pdf.js;Organization;2011-04-26 06:32:03;2015-04-28 08:43:37;113800;11550;11550;JavaScript;True;2549;536;380;713;793;900;824;817;463;4890
dotfiles;User;2011-09-05 18:07:54;2015-04-28 13:24:49;24693;11321;11321;VimL;False;4468;105;64;110;88;84;96;83;81;606
lime;Organization;2012-10-03 18:10:02;2015-04-28 11:15:28;7929;11314;11314;;True;984;134;175;136;87;110;109;121;152;890
gitflow;User;2010-01-20 23:14:12;2015-04-28 12:07:24;5393;11299;11299;Shell;True;1262;213;24;67;81;35;71;35;20;333
awesome-python;User;2014-06-27 21:00:06;2015-04-28 13:06:15;6052;11195;11195;Python;False;1744;102;36;71;64;96;74;57;54;452
pure;Organization;2013-04-22 16:16:39;2015-04-28 11:22:39;3413;11167;11167;HTML;False;1402;56;13;61;77;83;83;56;9;382
jquery-pjax;User;2011-02-26 02:44:18;2015-04-28 11:32:33;2921;11160;11160;JavaScript;False;1289;46;21;72;97;79;44;58;12;383
ratchet;Organization;2012-08-17 05:41:57;2015-04-28 13:09:26;19553;11149;11149;CSS;False;1209;185;164;169;127;85;96;156;290;1087
coffeescript;User;2009-12-18 01:39:53;2015-04-28 07:31:09;23744;11142;11142;CoffeeScript;True;1492;280;589;525;559;502;431;307;495;3408
elasticsearch;Organization;2010-02-08 13:20:56;2015-04-28 12:43:47;342681;10974;10974;Java;False;3450;1086;924;1903;2014;1948;2085;1792;775;11441
pop;Organization;2014-03-30 22:29:12;2015-04-28 12:27:27;2944;10817;10817;Objective-C++;False;1474;26;12;35;20;23;27;25;8;150
ansible;Organization;2012-03-06 14:58:02;2015-04-28 09:36:17;204997;10691;10691;Python;False;3207;810;860;1574;1655;1745;1682;1505;976;9997
bootstrap-material-design;User;2014-08-18 11:54:00;2015-04-28 13:15:01;18861;10573;10573;CSS;True;1447;81;39;98;74;77;57;91;14;450
hammer.js;Organization;2012-03-02 12:58:28;2015-04-28 11:04:47;13009;10562;10562;JavaScript;True;1705;217;118;124;203;132;162;133;90;962
rust;Organization;2010-06-16 20:39:03;2015-04-28 12:28:16;574484;10510;10510;Rust;False;2044;1991;2182;3031;3115;3084;3335;3070;2183;20000
Leaflet;Organization;2010-09-22 16:57:44;2015-04-28 13:19:29;37316;10396;10396;JavaScript;False;1897;231;105;507;481;559;543;567;162;2924
sails;Organization;2012-03-18 19:46:15;2015-04-28 10:29:58;23810;10373;10373;JavaScript;False;1116;252;709;805;503;686;667;500;431;4301
textmate;Organization;2012-08-08 16:25:52;2015-04-28 06:06:20;73860;10308;10308;C++;True;1641;22;473;587;470;458;484;432;464;3368
ace;Organization;2010-10-27 10:43:36;2015-04-28 13:17:23;56702;10276;10276;JavaScript;True;2393;313;545;838;829;821;788;756;461;5038
slick;User;2014-03-24 02:10:05;2015-04-28 13:29:03;6284;10135;10135;JavaScript;True;1193;264;57;42;79;61;46;57;55;397
symfony;Organization;2010-01-04 14:21:21;2015-04-28 12:01:49;224255;10106;10106;PHP;False;3977;821;1515;2113;2172;2124;2329;2239;1637;14129
sweetalert;User;2014-09-30 11:12:48;2015-04-28 10:41:21;4676;10033;10033;JavaScript;True;1035;69;15;14;17;12;25;13;13;109
http-api-design;Organization;2014-05-07 17:00:37;2015-04-28 13:19:37;591;10004;10004;;True;751;34;3;5;6;16;5;10;4;49
diaspora;Organization;2010-09-15 05:20:04;2015-04-28 09:35:19;252881;9935;9935;Ruby;True;2554;410;1400;1907;2110;2109;2191;1889;1467;13073
typeahead.js;Organization;2013-02-19 19:45:01;2015-04-28 12:04:45;5393;9867;9867;JavaScript;False;1678;66;109;57;71;75;37;69;69;487
CodeIgniter;Organization;2011-08-19 13:34:00;2015-04-28 13:25:55;76217;9794;9794;PHP;True;5059;58;602;1100;1165;1093;1028;988;593;6569
Spoon-Knife;User;2011-01-27 19:30:43;2015-04-28 06:50:18;45466;9747;9747;CSS;True;56141;4405;0;0;2;1;0;0;0;3
web-starter-kit;Organization;2014-04-07 08:45:18;2015-04-28 09:23:37;17540;9678;9678;CSS;True;1365;43;14;61;44;82;93;93;32;419
Flat-UI;Organization;2013-03-03 15:36:49;2015-04-28 08:25:09;33157;9662;9662;JavaScript;True;1861;18;18;12;34;37;30;9;13;153
Hover;User;2014-01-02 14:27:35;2015-04-28 12:21:02;1315;9525;9525;CSS;True;1544;10;6;7;12;19;18;6;5;73
Effeckt.css;Organization;2013-07-02 19:57:06;2015-04-28 08:23:00;3627;9505;9505;CSS;True;1387;24;40;36;41;51;51;36;37;292
jquery-mobile;Organization;2010-09-13 15:02:22;2015-04-28 10:12:23;183869;9504;9504;JavaScript;True;2530;313;701;1741;1941;2143;2169;1714;712;11121
polymer;Organization;2012-08-23 20:56:30;2015-04-28 12:57:21;21715;9487;9487;JavaScript;True;871;460;9;357;289;300;278;262;47;1542
grunt;Organization;2011-09-21 15:16:20;2015-04-28 13:36:55;6909;9426;9426;JavaScript;True;1112;123;78;225;294;183;202;190;108;1280
youtube-dl;User;2010-10-31 14:35:07;2015-04-28 13:06:50;72598;9350;9350;Python;False;1853;1079;1133;1064;1003;1004;1014;1023;902;7143
fastclick;Organization;2012-02-13 08:38:00;2015-04-28 12:47:32;1966;9268;9268;JavaScript;False;1366;142;22;49;81;61;69;31;20;333
free-for-dev;User;2015-03-18 21:06:26;2015-04-28 13:28:13;3101;9251;9251;;True;696;22;26;36;59;63;37;23;8;252
huginn;User;2013-03-10 06:00:31;2015-04-27 21:26:32;14606;9248;9248;Ruby;True;905;171;176;140;162;174;178;164;133;1127
vagrant;User;2010-01-21 08:34:27;2015-04-28 09:36:34;41740;9116;9116;Ruby;True;2000;521;790;794;1037;1068;1042;994;731;6456
js-must-watch;User;2014-06-21 09:56:48;2015-04-28 06:01:30;741;9052;9052;;True;613;12;12;2;3;8;6;13;23;67
lodash;Organization;2012-04-07 04:11:46;2015-04-28 13:21:26;116377;9034;9034;JavaScript;True;750;2;871;670;765;659;605;570;633;4773
nprogress;User;2013-08-20 13:58:02;2015-04-28 12:47:55;1537;8989;8989;JavaScript;True;809;63;4;13;42;55;5;2;22;143
fullPage.js;User;2013-09-20 11:58:29;2015-04-28 13:06:09;19114;8973;8973;JavaScript;True;2225;56;16;135;113;139;146;120;12;681
tornado;Organization;2009-09-09 04:55:16;2015-04-28 13:04:44;18919;8955;8955;Python;True;2586;126;648;347;264;257;269;205;436;2426
dokku;User;2013-06-08 10:26:57;2015-04-28 11:40:44;8269;8950;8950;Shell;True;742;26;153;129;123;102;128;111;100;846
intro.js;Organization;2013-03-10 15:12:45;2015-04-28 09:43:21;4306;8931;8931;HTML;True;1206;183;13;37;28;43;21;82;19;243
backbone-fundamentals;User;2011-12-20 20:49:44;2015-04-28 10:41:50;134172;8923;8923;JavaScript;True;1431;45;163;111;125;75;144;124;152;894
octopress;User;2009-10-18 21:41:32;2015-04-28 06:23:26;174203;8879;8879;Ruby;True;3167;261;106;84;104;114;105;63;113;689
idiomatic.js;User;2011-05-25 17:48:59;2015-04-28 06:03:14;1972;8864;8864;;True;1170;56;72;27;58;51;37;70;14;329
jquery-ui;Organization;2010-01-19 14:40:34;2015-04-28 12:42:03;49042;8857;8857;JavaScript;False;3468;21;473;1032;1083;1032;1148;1008;640;6416
the-swift-programming-language-in-chinese;User;2014-06-03 04:44:09;2015-04-28 10:23:04;25804;8829;8829;Python;True;2547;17;131;122;97;92;157;116;156;871
git;Organization;2008-07-23 14:21:26;2015-04-28 11:17:25;376997;8829;8829;C;False;4996;13;2358;3074;2870;3095;3110;3041;2452;20000
hackathon-starter;User;2013-11-13 17:24:12;2015-04-28 11:29:37;11562;8800;8800;CSS;False;1296;1;113;216;289;175;225;188;182;1388
SpinKit;User;2013-12-12 23:29:41;2015-04-28 09:19:40;1439;8793;8793;CSS;True;794;9;41;11;7;7;12;21;7;106
Respond;User;2011-02-07 12:41:33;2015-04-28 10:13:48;1762;8761;8761;JavaScript;True;3188;87;23;52;23;54;33;33;3;221
bootstrap-sass;Organization;2011-09-06 18:58:49;2015-04-28 13:29:33;9771;8744;8744;Ruby;False;1954;9;87;87;155;149;139;96;78;791
rethinkdb;Organization;2012-10-30 05:37:47;2015-04-28 10:54:29;450546;8710;8710;C++;False;745;929;338;3862;4166;3966;3837;3453;378;20000
video.js;Organization;2010-05-14 18:45:10;2015-04-28 12:57:25;24050;8709;8709;JavaScript;True;2398;201;52;316;283;229;258;239;39;1416
SDWebImage;User;2009-09-21 17:39:19;2015-04-28 10:19:14;8166;8698;8698;Objective-C;True;2419;130;52;121;123;95;86;79;30;586
jasmine;Organization;2008-12-02 23:46:37;2015-04-28 09:24:47;11644;8693;8693;JavaScript;True;1382;31;103;199;182;202;195;187;94;1162
bootstrap;Organization;2012-10-05 18:27:01;2015-04-28 11:22:21;20047;8670;8670;JavaScript;True;4550;581;137;140;137;100;101;101;149;865
GPUImage;User;2012-02-13 15:20:02;2015-04-28 11:46:56;46809;8596;8596;Objective-C;True;2091;611;84;130;111;96;112;102;101;736
awesome-sysadmin;User;2014-02-09 22:39:20;2015-04-28 07:50:03;2573;8587;8587;;True;1177;123;27;19;37;20;38;41;34;216
storm;User;2011-09-17 07:55:13;2015-04-28 12:52:14;27015;8586;8586;Java;True;1721;51;135;210;239;345;226;175;162;1492
gitbook;Organization;2014-03-31 03:01:56;2015-04-28 07:41:56;9912;8570;8570;JavaScript;False;781;192;158;260;176;168;129;177;105;1173
reddit;Organization;2008-06-18 23:30:53;2015-04-28 06:07:23;49915;8557;8557;Python;True;1752;242;271;1031;1178;1103;1169;874;219;5845
zepto;User;2010-09-20 07:57:57;2015-04-28 09:00:57;20860;8492;8492;HTML;True;1954;81;177;213;180;179;143;163;136;1191
Skeleton;User;2011-04-30 20:04:24;2015-04-28 09:24:06;5291;8475;8475;CSS;True;1397;51;13;48;12;25;26;8;6;138
dashing;Organization;2012-07-18 21:01:40;2015-04-28 09:36:23;3421;8454;8454;JavaScript;True;844;154;6;15;26;31;22;20;5;125
scrapy;Organization;2010-02-22 02:01:14;2015-04-28 13:33:02;25871;8440;8440;Python;True;2382;246;271;668;718;687;758;665;278;4045
thefuck;User;2015-04-08 15:08:04;2015-04-28 13:34:22;1517;8438;8438;Python;True;362;38;12;20;32;30;16;18;26;154
phaser;User;2013-04-12 12:27:51;2015-04-28 11:43:49;191139;8437;8437;JavaScript;False;2942;58;230;447;577;474;527;482;195;2932
q;User;2010-09-04 01:21:12;2015-04-28 13:21:43;4446;8428;8428;JavaScript;True;679;70;115;77;113;94;85;104;103;691
Android-Universal-Image-Loader;User;2011-11-27 18:48:23;2015-04-28 13:18:56;25400;8386;8386;Java;True;3918;177;200;93;101;99;114;88;192;887
angular-seed;Organization;2010-12-24 06:07:50;2015-04-28 12:29:21;55371;8367;8367;JavaScript;True;5018;35;10;33;25;25;28;44;8;173
AngularJS-Learning;User;2013-06-06 20:48:17;2015-04-28 12:58:44;2726;8351;8351;;True;1502;13;32;77;56;58;66;63;33;385
ievms;User;2011-08-05 21:34:06;2015-04-28 13:17:06;743;8284;8284;Shell;True;381;72;10;6;8;23;7;11;20;85
jade;Organization;2010-06-23 01:05:42;2015-04-28 12:27:19;19645;8282;8282;JavaScript;False;1285;65;131;253;318;256;269;397;175;1799
materialize;User;2014-09-12 19:35:38;2015-04-28 13:31:14;116245;8214;8214;CSS;True;866;201;169;281;276;262;167;199;121;1475
emscripten;User;2011-02-12 05:23:30;2015-04-28 05:53:44;219200;8197;8197;C;True;940;577;1045;1823;1908;1929;1913;2007;1404;12029
electron;Organization;2013-04-12 01:47:36;2015-04-28 13:35:40;20917;8193;8193;C++;False;598;158;264;586;507;524;538;554;235;3208
handlebars.js;User;2010-07-31 18:54:46;2015-04-28 11:52:25;5391;8189;8189;JavaScript;False;1152;13;194;225;167;135;108;115;218;1162
htaccess;User;2015-01-27 06:25:41;2015-04-28 05:50:18;1082;8179;8179;;True;674;1;6;32;26;10;8;7;7;96
syncthing;Organization;2013-11-26 09:48:21;2015-04-28 13:25:25;65849;8143;8143;Go;True;561;142;297;327;277;283;254;171;222;1831
parallax;User;2013-08-01 15:28:05;2015-04-28 13:10:14;2831;8127;8127;JavaScript;True;1184;44;4;10;7;8;4;9;9;51
material;Organization;2014-07-01 19:20:06;2015-04-28 13:14:57;85952;8075;8075;JavaScript;False;1180;503;75;333;371;319;340;280;79;1797
ruby-style-guide;User;2011-09-12 13:03:05;2015-04-28 09:22:58;5079;8005;8005;;True;1942;57;45;80;61;73;60;56;42;417
awesome-php;User;2013-11-26 03:14:19;2015-04-28 12:00:08;3963;7970;7970;;False;1426;69;53;124;168;107;93;113;21;679
Alamofire;Organization;2014-07-31 05:56:19;2015-04-28 12:16:06;3159;7944;7944;Swift;False;944;16;15;13;27;48;67;49;17;236
Vundle.vim;User;2010-10-17 23:17:53;2015-04-28 13:23:22;2551;7938;7938;VimL;True;863;84;85;62;59;66;55;80;107;514
RestKit;Organization;2010-02-09 01:14:06;2015-04-28 12:12:10;68931;7935;7935;Objective-C;True;1863;250;211;354;532;542;552;446;216;2853
How-to-Make-a-Computer-Operating-System;User;2013-11-29 17:36:32;2015-04-28 02:14:11;3264;7920;7920;C;False;1276;26;29;29;15;29;9;28;30;169
ReactiveCocoa;Organization;2012-03-02 22:11:24;2015-04-28 12:35:11;28492;7907;7907;Objective-C;False;1169;108;473;696;758;632;697;766;438;4460
history.js;Organization;2011-01-20 14:10:05;2015-04-28 10:45:24;4546;7882;7882;JavaScript;True;1111;197;7;19;43;30;31;94;25;249
hubot;Organization;2011-08-27 08:30:59;2015-04-28 12:27:41;5978;7866;7866;CoffeeScript;True;1695;87;111;137;183;155;204;160;164;1114
masonry;User;2009-11-21 21:04:56;2015-04-28 11:07:26;2396;7854;7854;JavaScript;False;1485;22;34;53;75;72;44;40;78;396
what-happens-when;User;2013-11-07 04:30:06;2015-04-28 13:12:21;1907;7854;7854;;True;480;62;24;19;13;21;19;26;33;155
tomorrow-theme;User;2011-02-14 15:43:03;2015-04-28 09:49:35;4650;7804;7804;CSS;True;1669;75;28;36;49;49;53;47;22;284
go;Organization;2014-08-19 04:33:40;2015-04-28 11:20:37;170558;7731;7731;Go;True;633;1619;994;3565;3857;3867;3650;3128;939;20000
PhotoSwipe;User;2011-04-07 05:46:29;2015-04-28 11:09:51;35269;7671;7671;JavaScript;True;999;31;28;49;41;36;61;48;12;275
dropzone;User;2012-02-12 16:19:18;2015-04-28 12:57:08;8538;7656;7656;JavaScript;True;1986;285;37;87;100;125;93;93;73;608
mustache.js;User;2009-10-04 23:41:19;2015-04-28 12:56:51;3562;7645;7645;JavaScript;True;1584;48;55;100;65;75;62;66;57;480
Probabilistic-Programming-and-Bayesian-Methods-for-Hackers;User;2013-01-14 15:46:28;2015-04-28 05:10:19;81020;7603;7603;Python;True;1747;59;71;120;87;70;93;73;79;593
LightTable;Organization;2012-06-27 22:32:43;2015-04-28 07:47:56;29142;7600;7600;Clojure;True;658;251;41;105;127;114;98;99;89;673
onepage-scroll;User;2013-09-12 14:07:28;2015-04-28 11:08:14;1339;7537;7537;JavaScript;True;1781;189;8;4;9;8;4;2;3;38
material-ui;Organization;2014-08-18 19:11:54;2015-04-28 12:27:23;25973;7533;7533;JavaScript;True;883;138;91;215;143;130;103;153;98;933
corefx;Organization;2014-11-06 23:42:48;2015-04-28 11:31:30;38407;7513;7513;C#;True;1493;346;79;203;237;217;216;247;96;1295
SlidingMenu;User;2012-06-30 05:14:23;2015-04-28 11:10:35;29303;7506;7506;Java;True;4447;269;29;63;46;56;44;38;9;285
three20;Organization;2009-02-19 06:31:51;2015-04-27 16:21:27;33231;7501;7501;Objective-C;False;1620;202;184;217;308;250;233;260;144;1596
android-open-project;User;2014-01-05 15:20:15;2015-04-28 13:10:25;4037;7466;7466;;True;4199;12;57;95;77;72;54;63;62;480
TimelineJS;Organization;2012-03-06 02:12:20;2015-04-28 03:23:03;23128;7462;7462;JavaScript;False;1518;160;67;143;178;206;120;127;35;876
angular-styleguide;User;2014-07-29 00:07:51;2015-04-28 13:28:49;6696;7455;7455;;False;972;20;83;76;65;84;58;54;89;509
requirejs;User;2010-02-03 21:08:14;2015-04-28 08:36:51;18920;7442;7442;PHP;True;1273;127;174;189;204;146;156;151;131;1151
statsd;Organization;2010-12-30 00:09:50;2015-04-28 13:09:24;3409;7437;7437;JavaScript;True;1053;52;39;112;104;90;71;94;56;566
PM2;User;2013-05-21 03:25:25;2015-04-28 13:22:06;11311;7409;7409;JavaScript;True;592;147;123;238;255;299;222;272;126;1535
pixi.js;User;2013-01-21 22:40:50;2015-04-28 13:12:10;53154;7401;7401;JavaScript;True;1518;71;285;252;304;321;274;219;217;1872
kubernetes;Organization;2014-06-06 22:56:04;2015-04-28 11:32:18;207989;7386;7386;Go;True;1479;965;285;1000;1092;1093;1139;951;247;5807
pace;Organization;2013-09-12 04:24:29;2015-04-28 13:16:52;2880;7382;7382;CSS;True;798;91;6;43;23;15;100;90;25;302
uBlock;User;2014-06-22 23:54:34;2015-04-28 11:21:15;95275;7327;7327;JavaScript;True;316;138;331;337;338;346;339;329;318;2338
velocity;User;2014-04-09 20:02:38;2015-04-28 11:19:54;4447;7326;7326;JavaScript;True;600;39;56;76;70;105;104;81;36;528
ruby;Organization;2010-02-27 15:55:23;2015-04-28 02:06:02;271291;7304;7304;Ruby;False;2193;73;2357;2805;3122;3058;3044;3059;2555;20000
Projects;User;2013-07-04 13:37:27;2015-04-28 11:35:06;10353;7303;7303;;False;4169;5;14;24;14;30;39;25;12;158
YouCompleteMe;User;2012-04-16 03:12:14;2015-04-28 12:08:47;39292;7244;7244;Python;True;799;52;179;188;184;194;186;171;190;1292
spin.js;User;2011-08-16 09:46:36;2015-04-27 23:32:36;32264;7242;7242;JavaScript;False;795;86;3;22;58;39;32;37;3;194
gogs;Organization;2014-02-12 01:57:08;2015-04-28 13:21:53;18785;7234;7234;Go;False;591;264;260;242;218;253;254;254;208;1689
request;Organization;2011-01-23 01:25:14;2015-04-28 11:34:52;7049;7211;7211;JavaScript;True;931;118;139;195;168;180;171;207;134;1194
goagent;User;2014-04-07 14:29:10;2015-04-28 13:19:38;95601;7203;7203;Python;False;3311;7;563;431;408;447;367;345;404;2965
raphael;User;2008-09-02 05:34:33;2015-04-28 02:27:30;8668;7189;7189;JavaScript;False;1088;331;30;55;61;48;59;53;29;335
node-browserify;User;2010-09-22 16:11:32;2015-04-28 08:26:22;9898;7169;7169;JavaScript;True;630;210;177;258;258;416;283;232;210;1834
solarized;User;2011-02-18 05:18:27;2015-04-28 13:01:27;37140;7158;7158;VimL;False;1856;185;23;20;43;41;69;44;46;286
MBProgressHUD;User;2009-05-31 21:45:41;2015-04-28 12:30:22;2333;7156;7156;Objective-C;True;1957;36;38;37;66;25;43;29;14;252
markdown-here;User;2012-05-13 03:27:22;2015-04-28 11:56:49;16982;7130;7130;JavaScript;True;1047;83;123;118;70;104;86;77;86;664
shadowsocks;Organization;2012-04-20 13:10:49;2015-04-28 12:42:18;3803;7124;7124;Python;True;1523;6;110;86;58;81;90;101;105;631
jquery-cookie;User;2009-08-03 19:11:40;2015-04-28 07:36:49;1171;7058;7058;JavaScript;True;3125;0;10;27;19;35;31;55;30;207
mongo;Organization;2009-01-15 16:15:18;2015-04-28 08:22:05;286435;7038;7038;C++;False;1996;10;1018;3898;3913;3650;3504;3170;847;20000
headroom.js;User;2013-08-07 20:42:58;2015-04-28 09:47:39;1311;7034;7034;JavaScript;True;478;18;3;16;4;21;15;17;5;81
capistrano;Organization;2009-02-26 16:14:04;2015-04-28 09:31:59;11656;7000;7000;Ruby;True;1177;54;54;54;85;47;57;122;27;446
FlappySwift;Organization;2014-06-03 05:04:12;2015-04-28 11:10:36;1778;6939;6939;Swift;True;2089;16;2;7;7;4;0;2;2;24
yeoman;Organization;2012-04-13 05:12:21;2015-04-28 05:44:41;23933;6903;6903;;False;674;10;79;155;150;157;155;129;69;894
paperclip;Organization;2008-04-10 19:58:20;2015-04-28 09:34:26;11184;6879;6879;Ruby;True;1500;257;86;154;233;226;203;491;85;1478
famous;Organization;2014-04-09 18:05:24;2015-04-28 12:25:42;6073;6870;6870;JavaScript;False;838;92;48;127;127;124;97;97;47;667
dashboards;Organization;2014-08-08 17:16:17;2015-04-28 10:42:01;2934;6866;6866;JavaScript;True;565;10;14;23;29;19;12;40;2;139
2048;User;2014-03-05 16:03:26;2015-04-28 13:36:42;20100;6852;6852;CSS;True;12341;73;15;21;22;37;12;11;20;138
picturefill;User;2012-02-21 08:35:14;2015-04-28 13:22:20;28166;6813;6813;JavaScript;True;849;54;15;87;102;75;86;54;8;427
martini;Organization;2013-10-30 02:34:07;2015-04-28 10:39:56;2188;6808;6808;Go;False;672;6;36;40;61;59;72;72;54;394
sentry;Organization;2010-08-30 22:06:41;2015-04-28 12:38:25;64712;6806;6806;Python;False;809;209;840;1412;1348;1137;1112;791;697;7337
bitcoin;Organization;2010-12-19 15:16:43;2015-04-28 11:41:59;120570;6788;6788;C++;False;4746;480;647;783;856;835;814;792;619;5346
ui-router;Organization;2013-01-18 20:26:29;2015-04-28 12:17:52;12260;6788;6788;JavaScript;True;1544;395;29;77;70;85;127;76;45;509
ActionBarSherlock;User;2011-03-07 17:28:54;2015-04-28 09:57:37;18403;6776;6776;Java;False;3913;88;222;248;188;219;200;180;97;1354
python-guide;User;2011-03-15 03:24:20;2015-04-28 07:27:09;2782;6769;6769;Shell;True;2175;49;107;170;132;82;145;128;145;909
toxcore;User;2013-06-24 00:12:13;2015-04-28 07:32:47;45333;6764;6764;C;True;850;178;346;350;374;370;319;402;380;2541
frontend-stuff;User;2014-10-05 14:31:29;2015-04-28 12:21:56;1560;6757;6757;;True;513;24;37;19;23;19;13;21;6;138
mongoose;Organization;2010-04-06 21:39:05;2015-04-28 09:27:51;38471;6730;6730;JavaScript;True;1018;435;191;741;810;779;677;705;311;4214
node-inspector;Organization;2010-07-17 23:20:19;2015-04-28 13:30:47;11532;6728;6728;JavaScript;True;434;73;26;94;94;75;82;61;32;464
ionicons;Organization;2013-10-10 14:34:18;2015-04-28 12:55:49;18638;6707;6707;CSS;True;625;86;3;9;38;23;27;16;4;120
MagicalRecord;Organization;2010-07-27 23:58:18;2015-04-28 11:31:14;13411;6678;6678;Objective-C;True;1151;122;109;109;129;91;91;79;96;704
PredictionIO;Organization;2013-01-25 19:42:32;2015-04-28 09:25:34;38936;6650;6650;Scala;False;710;6;211;495;609;524;588;490;184;3101
CodeMirror;Organization;2011-01-14 13:44:03;2015-04-28 12:20:15;34797;6625;6625;JavaScript;True;1692;66;242;995;827;731;779;693;275;4542
echarts;Organization;2013-04-03 03:18:59;2015-04-28 08:57:12;91189;6596;6596;JavaScript;True;2202;207;53;294;300;248;269;234;35;1433
awesome-nodejs;User;2014-07-11 13:35:34;2015-04-28 08:40:30;2460;6595;6595;;False;596;0;24;23;26;20;31;47;28;199
mean;Organization;2013-05-22 12:15:47;2015-04-28 09:46:22;13564;6571;6571;JavaScript;True;1929;219;186;156;157;157;154;77;71;958
jQuery-menu-aim;User;2013-03-03 02:50:35;2015-04-28 06:37:33;2287;6561;6561;JavaScript;True;961;50;9;6;3;2;0;1;9;30
iosched;Organization;2014-04-01 22:40:40;2015-04-28 13:31:07;21445;6535;6535;Java;False;2327;30;3;13;22;18;16;3;4;79
build-web-application-with-golang;User;2012-08-02 11:49:35;2015-04-28 12:43:06;29086;6530;6530;Go;True;2292;10;211;143;173;213;220;113;139;1212
resque;Organization;2009-08-12 00:27:35;2015-04-27 19:30:40;7754;6515;6515;Ruby;True;1209;125;86;328;246;324;233;224;159;1600
mocha;Organization;2011-03-07 18:44:25;2015-04-28 12:33:02;13890;6512;6512;JavaScript;True;1032;142;170;139;244;241;209;221;117;1341
javascript-patterns;User;2011-12-10 01:10:29;2015-04-28 13:19:27;1711;6478;6478;JavaScript;True;1193;60;18;30;21;21;26;14;22;152
rbenv;User;2011-08-01 20:51:48;2015-04-28 10:46:09;3040;6461;6461;Shell;True;620;40;32;43;58;77;87;48;42;387
homebrew-cask;Organization;2012-03-05 02:05:17;2015-04-28 12:06:55;143302;6458;6458;Ruby;False;2060;224;1569;2707;1312;5670;3384;2406;2952;20000
pageres;User;2014-02-07 18:15:18;2015-04-28 07:29:35;10052;6409;6409;JavaScript;False;295;4;23;40;37;32;23;34;20;209
DesignPatternsPHP;User;2011-08-22 05:24:31;2015-04-28 10:16:53;4595;6404;6404;PHP;True;1282;9;41;37;79;43;33;45;66;344
nvm;User;2010-04-15 17:47:47;2015-04-28 12:55:56;4678;6400;6400;Shell;True;643;64;112;104;109;99;99;139;117;779
Mantle;Organization;2012-09-05 06:24:59;2015-04-28 12:04:09;4196;6364;6364;Objective-C;False;685;32;47;191;198;159;130;105;49;879
fmdb;User;2010-07-06 22:50:17;2015-04-28 13:07:51;3198;6347;6347;Objective-C;True;1488;113;28;42;55;58;54;53;29;319
wysihtml5;Organization;2011-06-20 09:07:20;2015-04-28 05:03:38;6355;6325;6325;JavaScript;True;1031;289;20;25;19;26;18;34;2;144
knockout;Organization;2010-07-05 08:08:34;2015-04-28 11:45:52;16459;6320;6320;JavaScript;True;1083;235;76;147;174;237;197;180;61;1072
awesome-react;User;2014-08-06 05:31:44;2015-04-28 13:05:58;3474;6305;6305;JavaScript;True;421;4;50;72;57;64;55;91;50;439
etcd;Organization;2013-07-06 21:57:21;2015-04-28 13:37:28;32706;6286;6286;Go;False;791;164;274;591;618;628;597;532;257;3497
immutable-js;Organization;2014-07-02 06:02:29;2015-04-28 12:39:38;24992;6285;6285;JavaScript;True;282;114;46;126;161;166;119;111;50;779
Snap.svg;Organization;2013-08-15 20:51:34;2015-04-28 09:53:32;4303;6280;6280;JavaScript;False;560;143;10;43;51;122;50;41;4;321
spree;Organization;2008-03-10 14:45:35;2015-04-28 11:32:44;135017;6278;6278;Ruby;True;2941;106;792;2356;2681;2812;2748;2404;909;14702
ipython;Organization;2010-05-10 04:46:06;2015-04-28 12:50:16;116701;6272;6272;Python;True;1880;883;1579;2436;2931;2753;2837;2565;1569;16670
jquery.transit;User;2011-11-12 15:56:45;2015-04-27 20:38:33;1904;6269;6269;JavaScript;True;821;132;59;45;25;23;11;28;9;200
lets-chat;Organization;2012-03-09 19:32:33;2015-04-28 11:35:37;27457;6261;6261;JavaScript;True;723;86;83;166;133;152;175;200;77;986
compass;Organization;2008-08-23 17:02:18;2015-04-27 16:40:21;31375;6248;6248;CSS;True;1161;350;605;504;401;323;373;455;505;3166
android;Organization;2011-09-08 16:52:50;2015-04-28 13:27:21;15488;6224;6224;Java;True;3053;142;105;512;592;490;435;355;72;2561
hub;Organization;2009-12-05 22:15:25;2015-04-28 12:35:13;8058;6209;6209;Go;False;553;107;205;222;322;245;250;198;190;1632
bootstrap-datepicker;User;2012-03-17 01:11:40;2015-04-28 12:52:30;8548;6204;6204;JavaScript;False;2525;338;99;110;127;102;119;112;69;738
libgdx;Organization;2012-08-10 19:34:38;2015-04-28 11:57:19;995217;6195;6195;Java;True;3840;97;1668;1281;1239;1163;1149;1197;1324;9021
The-Art-Of-Programming-By-July;User;2013-12-14 10:00:06;2015-04-28 10:05:58;34999;6176;6176;C;True;3106;48;297;391;531;532;615;430;319;3115
websocketd;User;2013-02-14 14:52:55;2015-04-28 07:40:38;2444;6169;6169;Go;True;226;16;15;20;25;20;40;39;5;164
blessed-contrib;User;2015-01-14 14:18:07;2015-04-28 03:02:08;5300;6158;6158;JavaScript;True;183;16;28;27;15;39;11;25;25;170
Magnific-Popup;User;2013-01-10 16:09:24;2015-04-28 12:33:51;3195;6156;6156;JavaScript;False;1347;317;23;26;34;36;34;40;20;213
playframework;Organization;2011-09-07 09:24:08;2015-04-28 10:45:13;124921;6149;6149;Scala;False;2169;194;247;754;739;698;702;663;249;4052
vim-pathogen;User;2009-12-13 20:59:18;2015-04-28 13:31:12;620;6128;6128;VimL;True;721;21;33;16;15;9;25;21;18;137
bluebird;User;2013-09-07 19:39:57;2015-04-28 10:07:22;18787;6127;6127;JavaScript;True;458;12;216;233;171;208;158;171;185;1342
colour-schemes;User;2012-06-07 11:33:33;2015-04-27 12:30:58;13008;6125;6125;CSS;True;746;45;34;18;14;19;16;20;42;163
backbone.marionette;Organization;2011-12-12 16:36:09;2015-04-28 09:13:28;23690;6120;6120;JavaScript;False;1158;94;292;311;387;331;262;239;246;2068
linux-dash;User;2013-10-16 14:58:47;2015-04-28 09:45:56;5065;6116;6116;JavaScript;True;656;8;88;46;46;83;61;41;48;413
awesome-android-ui;User;2014-12-24 01:45:03;2015-04-28 09:25:44;394120;6101;6101;;True;1150;5;40;15;22;20;21;23;11;152
janus;Organization;2010-08-08 21:13:48;2015-04-28 01:42:38;1559;6097;6097;VimL;True;761;75;59;86;160;125;154;73;54;711
marked;User;2011-07-24 13:15:51;2015-04-28 12:24:19;2630;6095;6095;JavaScript;True;843;291;78;74;62;84;57;64;93;512
riotjs;Organization;2013-09-27 05:21:01;2015-04-28 12:31:46;6606;6092;6092;JavaScript;True;488;68;74;119;148;135;128;116;74;794
grape;Organization;2010-08-02 14:25:08;2015-04-28 09:06:09;12352;6085;6085;Ruby;True;667;89;132;171;123;139;172;160;98;995
chartist-js;User;2014-03-09 22:40:07;2015-04-28 10:50:00;11165;6082;6082;JavaScript;True;499;35;132;76;47;50;48;56;99;508
git-extras;User;2010-08-04 16:32:07;2015-04-28 06:56:27;3667;6072;6072;Shell;True;394;74;53;57;85;102;66;80;52;495
npm;Organization;2009-09-29 17:21:24;2015-04-28 08:53:39;63765;6061;6061;JavaScript;True;1223;822;638;844;924;867;949;870;451;5543
mermaid;User;2014-11-01 23:52:32;2015-04-27 22:40:30;10887;6040;6040;JavaScript;True;183;42;50;40;33;31;27;11;40;232
koa;Organization;2013-07-20 18:53:45;2015-04-28 13:19:19;4775;6033;6033;JavaScript;True;426;10;79;62;88;76;90;76;68;539
android-async-http;User;2011-02-20 03:25:07;2015-04-28 12:39:12;5089;6022;6022;Java;True;2913;36;69;90;90;56;97;66;133;601
favicon-cheat-sheet;User;2013-08-05 12:54:19;2015-04-28 12:58:32;698;6020;6020;;True;275;34;0;6;4;7;7;10;18;52
flight;Organization;2013-01-30 19:59:30;2015-04-28 12:57:33;3468;6001;6001;JavaScript;False;548;14;31;65;66;41;59;50;29;341
capybara;User;2009-11-04 22:19:17;2015-04-28 10:30:09;12946;5978;5978;Ruby;False;881;47;187;218;270;223;247;322;178;1645
awesome-go;User;2014-07-06 13:42:15;2015-04-28 10:45:25;3731;5974;5974;Go;False;587;4;134;108;81;57;50;51;31;512
Parsley.js;User;2012-12-16 14:52:04;2015-04-28 00:55:12;11818;5953;5953;JavaScript;True;973;69;123;118;132;125;112;80;82;772
fig-standards;Organization;2010-11-05 04:44:12;2015-04-28 09:30:57;7281;5952;5952;;True;1442;80;96;134;190;139;140;125;58;882
forever;Organization;2010-09-27 15:47:23;2015-04-28 07:07:33;2170;5923;5923;JavaScript;True;424;123;97;76;54;70;98;84;65;544
es6features;User;2014-03-03 18:29:30;2015-04-28 12:39:40;647;5923;5923;;False;404;6;3;19;17;8;8;4;3;62
flux;Organization;2014-07-20 23:33:08;2015-04-28 12:22:26;2928;5891;5891;JavaScript;True;976;31;12;26;12;19;15;37;17;138
autoprefixer;Organization;2013-03-14 05:04:51;2015-04-28 11:16:04;4729;5889;5889;JavaScript;True;254;12;146;154;129;132;168;120;122;971
activeadmin;Organization;2010-04-15 14:26:03;2015-04-27 20:31:04;18935;5880;5880;Ruby;True;2087;185;259;411;499;575;518;407;267;2936
mousetrap;User;2012-07-05 03:13:55;2015-04-27 17:24:32;1479;5875;5875;JavaScript;True;501;95;70;47;70;48;13;27;29;304
scrollReveal.js;User;2014-01-16 17:37:20;2015-04-28 07:07:38;1278;5874;5874;JavaScript;True;801;0;0;0;5;6;10;10;5;36
selectize.js;User;2012-08-29 18:31:57;2015-04-28 07:57:18;6778;5862;5862;JavaScript;True;1060;305;78;61;58;73;106;41;57;474
mailcheck;Organization;2012-03-12 07:36:39;2015-04-28 10:35:55;1011;5859;5859;JavaScript;True;337;19;12;11;12;20;15;17;9;96
colors;User;2013-06-17 06:31:51;2015-04-28 07:03:07;1411;5845;5845;CSS;True;346;6;12;42;10;7;23;9;15;118
offline;Organization;2013-10-21 20:14:57;2015-04-28 05:15:55;2485;5844;5844;CSS;True;470;59;4;43;26;45;65;36;3;222
cancan;User;2009-11-17 01:04:45;2015-04-27 00:09:15;8361;5819;5819;Ruby;True;806;265;17;45;102;55;60;61;22;362
bootswatch;User;2012-02-07 04:31:56;2015-04-28 06:09:27;33828;5812;5812;HTML;False;1463;6;99;152;188;120;136;137;147;979
scikit-learn;Organization;2010-08-17 09:43:38;2015-04-28 12:36:23;123817;5805;5805;Python;True;3468;642;1843;2585;2749;2840;2388;2203;1775;16383
picasso;Organization;2013-05-14 15:07:47;2015-04-28 13:07:34;17327;5789;5789;Java;False;1657;101;30;85;89;99;104;73;35;515
ungit;User;2013-05-19 10:44:44;2015-04-27 16:50:19;22670;5785;5785;JavaScript;True;332;99;306;185;180;229;206;114;213;1433
UglifyJS;User;2010-08-15 11:51:16;2015-04-28 10:16:40;2285;5784;5784;JavaScript;False;525;151;86;76;74;30;76;62;66;470
cocos2d-x;Organization;2010-11-18 23:17:00;2015-04-28 11:42:59;1404269;5772;5772;C++;True;4189;780;703;3471;3515;3390;3665;3350;956;19050
sass;Organization;2010-09-22 06:16:55;2015-04-28 13:36:41;29485;5768;5768;Ruby;False;1174;157;696;664;673;530;615;1003;524;4705
isotope;Organization;2011-01-01 05:20:00;2015-04-28 11:36:04;2899;5766;5766;JavaScript;False;1060;37;115;106;114;107;123;99;71;735
php-src;Organization;2011-06-16 01:52:25;2015-04-28 13:36:48;1360699;5754;5754;C;False;2080;183;2274;3333;3618;3339;2962;2695;1779;20000
breach_core;Organization;2013-09-20 16:05:01;2015-04-28 10:24:34;12064;5751;5751;JavaScript;True;548;62;9;48;33;28;50;39;13;220
source-code-pro;Organization;2012-08-09 23:14:02;2015-04-28 12:56:16;14457;5749;5749;HTML;True;519;9;2;6;9;5;11;8;2;43
carrierwave;Organization;2008-08-28 18:39:49;2015-04-28 00:44:09;6827;5739;5739;Ruby;True;953;50;164;158;187;261;293;208;176;1447
spacegray;User;2013-12-18 13:23:52;2015-04-28 11:18:06;4059;5714;5714;JavaScript;True;348;43;13;35;30;28;19;24;14;163
gremlins.js;Organization;2013-10-21 08:47:12;2015-04-28 13:04:06;3075;5711;5711;JavaScript;True;244;17;9;10;15;22;31;23;0;110
cakephp;Organization;2010-05-08 14:38:22;2015-04-28 11:07:31;164597;5708;5708;PHP;True;2577;137;3442;2821;2766;2665;2851;2414;3041;20000
bourbon;Organization;2011-04-23 15:41:20;2015-04-28 11:21:26;8587;5707;5707;CSS;True;608;14;75;85;84;82;84;285;60;755
the_silver_searcher;User;2011-11-19 19:50:47;2015-04-28 11:47:15;6318;5697;5697;C;True;423;130;198;183;204;175;167;156;201;1284
Faker;User;2011-10-14 22:49:02;2015-04-28 09:52:49;9007;5693;5693;PHP;False;824;39;74;203;164;114;91;115;108;869
free-programming-books-zh_CN;User;2013-11-04 01:59:19;2015-04-28 08:32:00;2565;5681;5681;;False;2186;15;21;83;67;93;56;46;27;393
restangular;User;2013-04-04 03:53:57;2015-04-28 07:36:14;4934;5675;5675;JavaScript;True;597;173;42;85;121;74;111;96;42;571
stream-handbook;User;2012-08-26 07:24:04;2015-04-28 12:17:44;776;5674;5674;JavaScript;True;351;47;14;14;9;12;23;6;3;81
is.js;User;2015-01-01 19:09:04;2015-04-28 11:28:52;2111;5672;5672;JavaScript;True;369;46;32;19;39;53;40;30;28;241
dotnet;Organization;2014-10-23 21:58:29;2015-04-28 13:13:03;1938;5670;5670;;True;731;6;24;34;36;19;50;34;13;210
Mailpile;Organization;2011-10-30 23:45:22;2015-04-28 10:32:45;28698;5651;5651;Python;True;597;434;319;537;718;704;654;631;419;3982
composer;Organization;2011-06-08 08:53:00;2015-04-28 10:24:52;27271;5645;5645;PHP;False;1512;577;578;613;495;616;582;569;458;3911
gollum;Organization;2010-03-29 18:30:53;2015-04-28 12:01:05;14483;5622;5622;JavaScript;True;1027;60;133;282;264;267;285;186;135;1552
awesome-machine-learning;User;2014-07-15 19:11:19;2015-04-28 13:14:50;1741;5618;5618;Python;True;1063;2;24;19;58;69;27;11;11;219
stylus;Organization;2010-12-28 22:11:43;2015-04-28 11:30:33;16986;5610;5610;JavaScript;True;777;143;198;534;648;508;547;593;175;3203
react-canvas;Organization;2015-02-05 23:46:30;2015-04-28 10:23:31;23383;5609;5609;JavaScript;True;298;37;5;2;5;4;2;5;6;29
ToolsOfTheTrade;User;2014-05-29 04:11:33;2015-04-27 17:02:37;3283;5600;5600;;True;533;51;32;55;35;30;7;16;5;180
CocoaPods;Organization;2011-08-14 00:10:53;2015-04-28 13:19:44;61536;5586;5586;Ruby;True;985;179;377;619;659;705;669;571;555;4155
FlatUIKit;Organization;2013-05-08 21:56:44;2015-04-28 13:12:06;2932;5558;5558;Objective-C;True;709;27;18;14;26;33;22;54;20;187
yii2;Organization;2012-02-13 15:32:36;2015-04-28 13:08:16;91673;5558;5558;PHP;True;3067;716;1253;1410;1458;1531;1576;1508;1162;9898
sage;Organization;2011-01-29 03:12:09;2015-04-28 12:19:39;70529;5557;5557;PHP;True;1925;12;223;179;151;178;163;147;91;1132
beautiful-web-type;User;2012-01-12 05:23:14;2015-04-28 01:33:07;258;5548;5548;CSS;False;286;6;21;3;2;4;12;3;11;56
cayley;Organization;2014-06-05 18:49:41;2015-04-28 12:10:55;23197;5547;5547;Go;True;427;74;30;38;69;79;61;51;64;392
stackedit;User;2013-03-24 13:46:06;2015-04-28 12:20:27;40114;5545;5545;JavaScript;True;871;273;275;202;168;138;131;78;119;1111
waypoints;User;2011-01-25 07:46:22;2015-04-28 11:33:06;2326;5537;5537;JavaScript;True;793;11;15;36;20;40;51;23;25;210
babel;Organization;2014-09-28 13:38:23;2015-04-28 13:27:32;16420;5501;5501;JavaScript;True;251;23;539;589;484;539;458;488;465;3562
spring-framework;Organization;2010-12-08 04:04:45;2015-04-28 13:17:00;293055;5500;5500;Java;True;4622;83;599;1642;1808;1816;1740;1587;626;9818
html5shiv;User;2011-02-12 12:21:10;2015-04-28 09:10:25;5926;5493;5493;JavaScript;True;1327;36;61;44;32;23;35;8;20;223
card;User;2013-12-27 02:31:51;2015-04-27 17:03:56;8439;5493;5493;JavaScript;True;457;37;31;15;18;33;49;12;32;190
Ladda;User;2013-06-05 08:30:13;2015-04-28 10:26:52;990;5490;5490;HTML;True;612;4;10;3;16;33;24;18;12;116
iscroll;User;2010-12-03 19:03:44;2015-04-28 11:58:53;3612;5489;5489;JavaScript;True;1663;347;1;9;5;5;5;8;8;41
WordPress;Organization;2011-12-01 07:05:17;2015-04-28 11:58:08;218457;5487;5487;PHP;False;2740;0;1764;2815;3144;3452;3858;3083;1884;20000
compose;Organization;2013-12-09 11:40:58;2015-04-28 06:52:00;69142;5482;5482;Python;True;576;469;66;155;118;127;162;108;42;778
android_guides;Organization;2013-06-19 10:24:45;2015-04-28 12:53:52;4900;5460;5460;;True;1104;33;3;2;9;3;6;6;1;30
brain;User;2010-05-10 06:36:21;2015-04-28 08:23:42;1047;5443;5443;JavaScript;True;525;12;27;19;22;13;13;11;26;131
grafana;Organization;2013-12-11 15:59:56;2015-04-28 10:51:58;95066;5432;5432;JavaScript;True;693;377;256;448;523;526;456;443;224;2876
whenever;User;2009-02-16 03:19:48;2015-04-28 09:51:54;1650;5431;5431;Ruby;True;485;27;34;81;57;35;65;26;23;321
julia;Organization;2011-04-21 07:01:50;2015-04-28 13:04:25;197545;5422;5422;Julia;False;1143;1239;2435;2682;2951;2740;2655;2602;2582;18647
vim-fugitive;User;2009-10-09 01:09:49;2015-04-28 09:33:26;2799;5417;5417;VimL;False;311;146;82;75;80;59;54;52;81;483
cloud9;Organization;2010-09-14 11:22:39;2015-04-28 06:27:22;197677;5400;5400;;False;1341;685;393;1149;1260;1357;1161;1219;386;6925
asi-http-request;User;2008-07-14 21:43:50;2015-04-28 05:09:32;7125;5390;5390;Objective-C;True;1443;162;132;103;96;109;100;78;117;735
gitolite;User;2009-08-24 00:53:39;2015-04-27 16:44:53;6223;5389;5389;Perl;True;586;5;71;67;68;85;78;77;55;501
timesheet.js;User;2014-05-25 22:07:12;2015-04-28 03:11:36;790;5381;5381;JavaScript;True;362;17;6;12;10;1;1;5;3;38
cphalcon;User;2011-11-26 05:52:50;2015-04-28 08:35:41;137359;5379;5379;PHP;True;853;634;584;736;690;695;831;782;714;5032
ViewPagerIndicator;User;2011-08-04 17:13:44;2015-04-28 12:14:50;8337;5379;5379;Java;False;3029;154;33;12;29;24;42;41;34;215
blueprint-css;User;2008-08-07 12:58:22;2015-04-28 07:25:15;10806;5370;5370;CSS;True;592;9;57;71;91;62;51;83;56;471
RxJava;Organization;2013-01-08 20:11:48;2015-04-28 13:19:03;392348;5370;5370;Java;True;762;138;173;473;522;473;566;475;220;2902
sshuttle;User;2010-05-02 06:50:16;2015-04-28 06:59:08;881;5365;5365;Python;False;380;15;33;16;38;19;11;37;37;191
fine-uploader;Organization;2010-06-19 07:36:13;2015-04-28 05:37:30;48846;5356;5356;JavaScript;True;1307;90;164;437;593;591;549;471;142;2947
Masonry;Organization;2013-07-22 01:15:48;2015-04-28 13:15:06;1818;5351;5351;Objective-C;True;660;4;15;46;51;53;28;28;25;246
connect;Organization;2010-05-26 18:55:41;2015-04-28 13:10:54;12401;5350;5350;JavaScript;True;793;2;189;462;547;560;561;475;177;2971
popcorn-app;Organization;2014-02-19 15:59:58;2015-04-28 00:22:13;127051;5328;5328;CSS;True;2218;193;0;0;0;0;0;1;1;2
Snap.js;User;2013-04-01 23:57:34;2015-04-28 03:12:22;1677;5317;5317;JavaScript;True;661;144;1;18;22;24;17;12;3;97
rails_admin;User;2010-08-01 17:01:00;2015-04-28 07:48:04;25025;5311;5311;Ruby;True;1526;241;239;421;612;599;557;551;262;3241
gmaps;User;2011-10-08 03:55:37;2015-04-28 13:19:48;1603;5279;5279;JavaScript;True;871;89;26;35;33;30;48;17;48;237
cheerio;Organization;2011-10-09 04:23:20;2015-04-28 09:58:05;4358;5278;5278;JavaScript;True;448;70;98;154;119;103;76;100;103;753
wrk;User;2012-03-20 11:12:28;2015-04-28 12:25:45;2059;5264;5264;C;True;314;7;19;2;3;8;3;2;20;57
jquery.adaptive-backgrounds.js;User;2013-11-16 20:32:05;2015-04-28 12:46:09;9730;5252;5252;HTML;True;359;11;3;11;8;9;5;4;8;48
FastImageCache;Organization;2013-08-21 22:44:53;2015-04-28 13:08:42;34808;5245;5245;Objective-C;True;598;29;4;9;11;14;5;4;17;64
python-patterns;User;2012-06-06 21:02:35;2015-04-28 13:29:43;847;5240;5240;Python;True;1264;1;21;18;26;14;10;13;20;122
passport;User;2011-10-08 22:38:32;2015-04-28 07:05:16;1684;5235;5235;JavaScript;True;370;108;42;26;47;53;38;25;139;370
FitText.js;User;2011-05-05 15:17:25;2015-04-27 21:48:43;400;5220;5220;JavaScript;True;1163;19;0;8;9;2;11;7;3;40
jquery-ui-bootstrap;Organization;2011-12-08 10:49:16;2015-04-27 12:20:33;4597;5215;5215;HTML;True;797;29;28;24;56;42;37;37;9;233
influxdb;Organization;2013-09-26 14:31:10;2015-04-28 10:55:05;52255;5214;5214;Go;True;475;275;195;747;873;744;844;756;175;4334
fabric;Organization;2009-05-01 01:14:24;2015-04-28 13:32:09;13275;5205;5205;Python;False;936;370;469;383;444;367;409;407;232;2711
simple_form;Organization;2009-12-28 14:23:48;2015-04-28 12:28:10;6219;5204;5204;Ruby;True;833;19;131;178;243;256;230;186;156;1380
opencv;Organization;2012-07-19 09:40:17;2015-04-28 11:01:03;1102743;5197;5197;C++;False;4757;19;634;2456;2248;2371;2255;2120;815;12899
morris.js;Organization;2012-02-21 22:51:27;2015-04-28 10:46:15;3534;5195;5195;CoffeeScript;True;773;168;60;48;60;36;66;25;33;328
rickshaw;Organization;2011-10-20 22:02:37;2015-04-28 02:25:59;5297;5187;5187;JavaScript;True;833;192;78;41;37;40;42;26;47;311
chromeos-apk;User;2014-09-16 22:28:22;2015-04-28 05:00:14;677;5187;5187;JavaScript;True;505;95;14;7;11;28;6;29;9;104
list.js;User;2011-01-30 12:29:56;2015-04-28 10:14:49;3699;5171;5171;JavaScript;True;471;71;42;76;55;76;70;66;33;418
highlight.js;User;2011-01-01 23:47:21;2015-04-28 10:01:49;12479;5167;5167;JavaScript;False;892;37;350;399;385;368;402;317;344;2565
revel;Organization;2011-12-09 04:10:26;2015-04-28 07:25:52;10161;5165;5165;Go;True;754;137;194;128;115;109;121;136;119;922
omniauth;Organization;2010-03-30 20:34:32;2015-04-27 14:43:55;5201;5164;5164;Ruby;True;676;69;89;133;141;144;189;147;83;926
java-design-patterns;User;2014-08-09 16:45:18;2015-04-28 12:17:53;6171;5161;5161;Java;True;1398;1;119;48;30;49;26;42;74;388
devdocs;User;2013-10-24 18:16:07;2015-04-28 12:40:57;4952;5160;5160;Ruby;True;369;12;348;47;34;35;31;24;234;753
better_errors;User;2012-12-08 11:02:18;2015-04-28 09:55:06;1669;5124;5124;Ruby;True;298;20;64;56;78;39;28;50;42;357
zf2;Organization;2010-06-04 02:42:05;2015-04-28 08:19:05;229560;5123;5123;PHP;True;3144;597;1942;2830;3020;2840;3023;2844;2039;18538
pickadate.js;User;2012-11-16 01:36:42;2015-04-27 23:55:12;9558;5120;5120;JavaScript;False;575;77;97;77;48;72;83;94;107;578
retrofit;Organization;2010-09-06 21:39:43;2015-04-28 09:55:19;60997;5111;5111;Java;False;863;46;38;93;102;86;120;88;40;567
phabricator;Organization;2011-01-21 22:08:29;2015-04-28 13:26:56;96091;5109;5109;PHP;False;761;1;722;1769;1669;1671;1621;1515;704;9671
angular-strap;User;2012-09-07 15:50:43;2015-04-28 04:33:07;17101;5094;5094;JavaScript;True;1142;325;66;143;149;106;160;97;83;804
JSON-js;User;2010-11-18 17:39:50;2015-04-28 12:08:56;399;5092;5092;JavaScript;True;3147;7;2;1;4;5;7;2;1;22
traceur-compiler;Organization;2013-03-27 18:05:40;2015-04-28 13:20:50;38764;5086;5086;JavaScript;True;299;271;121;214;326;268;234;238;121;1522
Slim;Organization;2010-09-21 01:17:06;2015-04-28 07:33:34;8978;5081;5081;PHP;True;909;23;166;119;133;109;146;153;255;1081
linux-insides;User;2015-01-03 18:44:57;2015-04-28 12:14:49;2747;5071;5071;;False;318;6;102;43;17;20;15;12;36;245
karma;Organization;2011-10-12 07:55:46;2015-04-28 08:48:35;13912;5069;5069;CoffeeScript;False;832;311;268;186;188;177;161;127;167;1274
salt;Organization;2011-02-20 20:16:56;2015-04-28 12:39:51;218856;5068;5068;Python;True;2104;2522;1057;3245;4194;3605;3219;3291;1389;20000
quill;Organization;2012-07-30 23:23:18;2015-04-28 09:39:04;13179;5047;5047;CoffeeScript;False;247;73;224;388;419;436;415;392;135;2409
spf13-vim;User;2010-04-20 16:20:16;2015-04-28 13:05:52;6893;5029;5029;VimL;True;1516;166;54;77;93;103;108;100;87;622
Shimmer;Organization;2014-02-18 22:15:19;2015-04-28 13:08:48;3157;5027;5027;Objective-C;True;542;6;1;6;11;7;3;5;1;34
fpm;User;2011-01-03 20:07:59;2015-04-28 10:49:26;5823;5020;5020;Ruby;True;499;233;54;195;198;204;280;251;69;1251
BrowserQuest;Organization;2011-09-30 18:47:48;2015-04-28 10:31:05;64883;5017;5017;JavaScript;True;1511;0;13;44;25;10;8;27;21;148
SVProgressHUD;Organization;2011-03-28 19:23:04;2015-04-28 11:47:13;2769;5013;5013;Objective-C;True;1124;36;23;46;62;57;50;56;40;334
paper.js;Organization;2011-02-07 18:21:30;2015-04-28 13:26:46;38985;5000;5000;JavaScript;False;500;115;912;843;709;586;719;686;727;5182
sidekiq;User;2012-01-16 23:17:27;2015-04-28 08:59:52;14779;4998;4998;Ruby;True;819;25;185;239;291;286;293;277;232;1803
vim-airline;User;2013-06-30 18:49:56;2015-04-28 05:55:08;5183;4984;4984;VimL;True;321;94;158;97;132;103;106;89;142;827
jquery-validation;User;2010-05-05 13:40:20;2015-04-28 11:53:42;11381;4978;4978;JavaScript;False;1591;312;25;94;124;96;78;89;45;551
nodemon;User;2010-10-03 12:50:52;2015-04-28 10:19:40;3448;4977;4977;JavaScript;True;366;102;85;87;116;118;101;80;33;620
androidannotations;Organization;2012-01-06 08:48:03;2015-04-28 13:02:19;40730;4972;4972;Java;True;1387;88;217;201;183;189;352;221;135;1498
SlickGrid;User;2009-12-17 18:27:47;2015-04-28 11:48:11;8181;4970;4970;JavaScript;True;1568;383;68;100;87;81;89;123;55;603
SignalR;Organization;2011-07-22 03:52:19;2015-04-28 12:57:12;112944;4968;4968;C#;True;1447;291;397;631;655;676;624;681;401;4065
guzzle;Organization;2011-02-28 02:44:05;2015-04-28 09:30:01;18480;4947;4947;PHP;False;728;4;455;286;287;375;302;247;266;2218
ScrollMagic;User;2013-09-23 08:08:53;2015-04-28 09:08:41;6590;4941;4941;JavaScript;True;826;6;33;75;77;109;97;95;29;515
500lines;User;2013-11-04 02:02:53;2015-04-28 11:32:43;56849;4936;4936;JavaScript;True;973;16;489;348;254;259;196;207;226;1979
togetherjs;Organization;2012-12-05 00:15:41;2015-04-28 07:56:24;42868;4922;4922;JavaScript;True;574;320;77;357;422;396;440;435;107;2234
jshint;Organization;2011-01-19 22:28:53;2015-04-28 03:57:03;18969;4917;4917;JavaScript;True;1021;351;178;176;243;195;195;225;147;1359
progit;Organization;2009-07-27 04:52:25;2015-04-28 11:12:28;69604;4917;4917;Ruby;True;2299;20;546;474;506;467;448;428;464;3333
frontend-guidelines;User;2015-02-21 12:46:17;2015-04-28 12:02:03;501;4911;4911;;True;328;9;0;8;1;0;2;0;1;12
gridster.js;Organization;2012-07-18 09:57:24;2015-04-28 13:29:58;2862;4902;4902;JavaScript;False;851;309;9;48;35;45;39;60;12;248
ngrok;User;2013-03-20 09:37:43;2015-04-28 12:47:43;1907;4901;4901;Go;True;386;76;30;29;41;37;44;40;45;266
medium-editor;User;2013-05-29 17:40:11;2015-04-28 11:46:39;10771;4890;4890;JavaScript;True;599;91;83;163;175;186;226;182;129;1144
nimbus;User;2011-06-09 15:01:53;2015-04-28 12:27:59;49066;4880;4880;Objective-C;True;1146;71;138;303;202;310;256;316;158;1683
slate;User;2011-05-23 08:56:15;2015-04-28 00:16:49;48772;4876;4876;Objective-C;True;312;234;28;82;115;113;84;66;55;543
CocoaLumberjack;Organization;2011-03-31 02:38:39;2015-04-28 13:09:46;7219;4865;4865;Objective-C;True;842;45;25;120;135;118;119;118;25;660
awesome-wpo;User;2014-10-14 15:18:35;2015-04-27 17:23:08;1172;4860;4860;;False;351;4;15;12;31;114;32;26;10;240
JSONKit;User;2010-07-27 10:06:21;2015-04-28 00:57:16;707;4857;4857;Objective-C;True;1386;88;6;13;6;6;12;15;6;64
libgit2;Organization;2010-09-10 16:17:48;2015-04-26 13:50:55;109513;4855;4855;C;False;1131;118;468;940;1115;1100;1089;994;569;6275
handsontable;Organization;2011-05-23 22:38:58;2015-04-28 09:17:39;39891;4853;4853;JavaScript;True;1081;630;168;716;607;600;524;483;126;3224
_s;Organization;2012-02-01 17:59:49;2015-04-28 11:59:57;13375;4852;4852;PHP;False;1687;26;46;91;98;102;76;73;44;530
Alcatraz;User;2013-04-22 16:40:10;2015-04-28 13:19:42;11491;4846;4846;Objective-C;False;466;31;98;81;80;87;52;65;31;494
kaminari;User;2011-02-06 08:07:20;2015-04-28 12:36:29;3669;4838;4838;Ruby;True;660;33;107;139;98;131;107;101;84;767
satellizer;User;2014-07-04 05:22:38;2015-04-28 10:19:21;7250;4833;4833;JavaScript;True;457;51;105;172;215;206;160;191;119;1168
macvim;User;2010-05-29 16:38:11;2015-04-28 04:20:41;73018;4822;4822;C;True;467;10;1017;563;1077;1825;996;912;854;7244
north;Organization;2013-11-08 15:00:48;2015-04-28 09:43:37;3714;4821;4821;CSS;True;313;22;22;30;18;16;37;29;23;175
Android-PullToRefresh;User;2011-11-29 09:59:56;2015-04-28 12:27:01;3441;4818;4818;Java;True;3231;24;29;53;86;53;100;66;31;418
nsq;Organization;2012-05-12 14:37:08;2015-04-28 10:19:22;9477;4811;4811;Go;False;501;36;137;144;139;173;194;151;144;1082
syntastic;User;2009-07-11 04:05:54;2015-04-28 13:18:55;10829;4811;4811;VimL;True;604;23;196;263;246;245;252;319;182;1703
drone;Organization;2014-02-07 07:54:44;2015-04-28 12:36:57;19672;4809;4809;Go;True;500;147;135;108;118;145;153;95;114;868
facebook-ios-sdk;Organization;2010-06-24 22:11:03;2015-04-28 07:15:41;25135;4809;4809;Objective-C;False;1951;6;9;123;90;84;91;84;13;494
hexo;Organization;2012-09-23 15:17:08;2015-04-28 12:22:34;11835;4808;4808;JavaScript;True;756;221;369;185;188;236;309;222;338;1847
TypeScript;Organization;2014-06-17 15:28:39;2015-04-28 11:54:22;748716;4806;4806;TypeScript;True;500;578;223;731;877;738;704;690;160;4123
angular-app;Organization;2012-09-04 18:47:38;2015-04-28 11:47:21;3214;4791;4791;JavaScript;True;1436;42;46;74;60;42;44;55;48;369
